{
	"id": "643c781f-d12c-4ade-8cdd-9bac01d70025",
	"name": "tb",
	"description": null,
	"auth": null,
	"events": null,
	"variables": [],
	"order": [
		"8d128f67-b922-492b-aed9-91cd0139d199",
		"4bba374c-7e56-45e3-bb90-986f8a0f1c93",
		"53300065-8ff2-43ee-bf26-f8e35a8d922b",
		"039da2f7-2973-445a-8809-852d86f0f2bd",
		"1698a3ac-1abf-4a69-b092-f633a9b9f020",
		"16e0b926-a6b1-47e6-ae8a-16fd5870699a",
		"03c04524-284a-41dd-8358-947b263e4d9c",
		"98168e8d-f8b4-4023-827c-d62a8bd5dfa0",
		"1b23468f-b985-47b9-82be-0c906a9240e9"
	],
	"folders_order": [],
	"protocolProfileBehavior": {},
	"folders": [],
	"requests": [
		{
			"id": "039da2f7-2973-445a-8809-852d86f0f2bd",
			"name": "Kirjete hulk +1",
			"url": "{{url}}/api/tickets/",
			"description": null,
			"data": [],
			"dataOptions": null,
			"dataMode": "raw",
			"headerData": [],
			"method": "GET",
			"pathVariableData": [],
			"queryParams": [],
			"auth": null,
			"events": [
				{
					"listen": "test",
					"script": {
						"id": "57f8950b-0d05-4ab3-ad54-0eac71d650d6",
						"exec": [
							"pm.test(\"Status code is 200\", function () {",
							"    pm.response.to.have.status(200);",
							"});",
							"",
							"pm.test(\"Kirjete hulk +1\", function () {",
							"    pm.expect(pm.environment.get(\"algseis\")+1).to.equal(pm.response.json().length);",
							"});"
						],
						"type": "text/javascript"
					}
				}
			],
			"folder": null,
			"protocolProfileBehavior": {
				"disableBodyPruning": true
			},
			"rawModeData": "",
			"headers": "",
			"pathVariables": {}
		},
		{
			"id": "03c04524-284a-41dd-8358-947b263e4d9c",
			"name": "DeleteTicket",
			"url": "{{url}}/api/tickets/{{idForPut}}",
			"description": null,
			"data": null,
			"dataOptions": null,
			"dataMode": null,
			"headerData": [],
			"method": "DELETE",
			"pathVariableData": [],
			"queryParams": [],
			"auth": null,
			"events": [
				{
					"listen": "test",
					"script": {
						"id": "165be9ec-60f0-4bba-aa1e-de764c9dc0c1",
						"exec": [
							"pm.test(\"Status code is 200\", function () {",
							"    pm.response.to.have.status(200);",
							"});"
						],
						"type": "text/javascript"
					}
				}
			],
			"folder": null,
			"headers": "",
			"pathVariables": {}
		},
		{
			"id": "1698a3ac-1abf-4a69-b092-f633a9b9f020",
			"name": "PostExistingIdTicket",
			"url": "{{url}}/api/tickets?userId=1",
			"description": null,
			"data": [
				{
					"key": "ticketName",
					"value": "test",
					"type": "text"
				},
				{
					"key": "eventLocation",
					"value": "Nõva",
					"type": "text"
				},
				{
					"key": "extraInfo",
					"value": "puudub",
					"type": "text"
				},
				{
					"key": "eventDate",
					"value": "02-02-2021",
					"type": "text"
				},
				{
					"key": "id",
					"value": "{{idForPut}}",
					"type": "text"
				}
			],
			"dataOptions": {
				"raw": {
					"language": "json"
				}
			},
			"dataMode": "params",
			"headerData": [],
			"method": "POST",
			"pathVariableData": [],
			"queryParams": [
				{
					"key": "userId",
					"value": "1",
					"equals": true,
					"description": "",
					"enabled": true
				}
			],
			"auth": null,
			"events": [
				{
					"listen": "test",
					"script": {
						"id": "fd4a77ac-ae66-43c2-a869-50f6debf066f",
						"exec": [
							"pm.test(\"Status code is 400\", function () {",
							"",
							"    pm.response.to.have.status(400);",
							"",
							"});",
							"",
							""
						],
						"type": "text/javascript"
					}
				}
			],
			"folder": null,
			"headers": "",
			"pathVariables": {}
		},
		{
			"id": "16e0b926-a6b1-47e6-ae8a-16fd5870699a",
			"name": "PutPdfTicket",
			"url": "{{url}}/api/tickets/{{idForPut}}",
			"description": null,
			"data": [
				{
					"key": "id",
					"value": "{{idForPut}}",
					"type": "text"
				},
				{
					"key": "eventLocation",
					"value": "Otepää",
					"type": "text"
				},
				{
					"key": "ticketName",
					"value": "90s coming back",
					"type": "text"
				},
				{
					"key": "eventDate",
					"value": "2021-08-02",
					"type": "text"
				},
				{
					"key": "pdfTicket",
					"value": "{{pdf}}testPdf.pdf",
					"type": "file"
				}
			],
			"dataOptions": null,
			"dataMode": "params",
			"headerData": [],
			"method": "PUT",
			"pathVariableData": [],
			"queryParams": [],
			"auth": null,
			"events": [
				{
					"listen": "test",
					"script": {
						"id": "5804b8e3-f1b9-450a-8eea-bc4f22cb513d",
						"exec": [
							"pm.test(\"Status code is 201\", function () {",
							"",
							"    pm.response.to.have.status(201);",
							"",
							"});",
							"",
							"pm.test(\"Pdf pilet lisatsud\", function () {",
							"",
							"    var jsonData = pm.response.json();",
							"    pm.expect(jsonData.pdfTicket).not.eql(null);",
							"",
							"});"
						],
						"type": "text/javascript"
					}
				}
			],
			"folder": null,
			"headers": "",
			"pathVariables": {}
		},
		{
			"id": "1b23468f-b985-47b9-82be-0c906a9240e9",
			"name": "AlgseisTaastatud",
			"url": "{{url}}/api/tickets/",
			"description": null,
			"data": [
				{
					"key": "id",
					"value": "1",
					"type": "text"
				},
				{
					"key": "pdfTicket",
					"value": "/C:/Users/taavi/Desktop/1.sprint esitluskava.pdf",
					"type": "file"
				}
			],
			"dataOptions": null,
			"dataMode": "params",
			"headerData": [],
			"method": "GET",
			"pathVariableData": [],
			"queryParams": [],
			"auth": null,
			"events": [
				{
					"listen": "test",
					"script": {
						"id": "86b4d18b-a55c-4b59-94af-5b83d8535056",
						"exec": [
							"pm.test(\"Status code is 200\", function () {",
							"    pm.response.to.have.status(200);",
							"});",
							"",
							"pm.test(\"Kirjete hulk +1\", function () {",
							"    pm.expect(pm.environment.get(\"algseis\")).to.equal(pm.response.json().length);",
							"});"
						],
						"type": "text/javascript"
					}
				}
			],
			"folder": null,
			"protocolProfileBehavior": {
				"disableBodyPruning": true
			},
			"headers": "",
			"pathVariables": {}
		},
		{
			"id": "4bba374c-7e56-45e3-bb90-986f8a0f1c93",
			"name": "GetSpecificTicket",
			"url": "{{url}}/api/tickets/{{id}}",
			"description": null,
			"data": null,
			"dataOptions": null,
			"dataMode": null,
			"headerData": [],
			"method": "GET",
			"pathVariableData": [],
			"queryParams": [],
			"auth": null,
			"events": [
				{
					"listen": "test",
					"script": {
						"id": "27ff7b5a-7138-4c9b-88f0-449ef7ebd3bf",
						"exec": [
							"pm.test(\"Status code is 200\", function () {",
							"    pm.response.to.have.status(200);",
							"});",
							"",
							"pm.test(\"Nimi on Rammstein\", function () {",
							"    var jsonData = pm.response.json();",
							"    ",
							"    pm.expect(jsonData.ticketName).to.eql(\"Rammstein\");",
							"});",
							"",
							"",
							"pm.test(\"Pdf pilet on puudu\", function () {",
							"    var jsonData = pm.response.json();",
							"    ",
							"    pm.expect(jsonData.pdfTicket).to.eql(null);",
							"});"
						],
						"type": "text/javascript"
					}
				}
			],
			"folder": null,
			"headers": "",
			"pathVariables": {}
		},
		{
			"id": "53300065-8ff2-43ee-bf26-f8e35a8d922b",
			"name": "PostTicket",
			"url": "{{url}}/api/tickets?userId=1",
			"description": null,
			"data": [
				{
					"key": "ticketName",
					"value": "90s coming back",
					"type": "text"
				},
				{
					"key": "eventLocation",
					"value": "Otepää",
					"type": "text"
				},
				{
					"key": "extraInfo",
					"value": "Majutus on veeel lahtine",
					"type": "text"
				},
				{
					"key": "eventDate",
					"value": "02-08-2021",
					"type": "text"
				}
			],
			"dataOptions": {
				"raw": {
					"language": "json"
				}
			},
			"dataMode": "params",
			"headerData": [],
			"method": "POST",
			"pathVariableData": [],
			"queryParams": [
				{
					"key": "userId",
					"value": "1",
					"equals": true,
					"description": "",
					"enabled": true
				}
			],
			"auth": null,
			"events": [
				{
					"listen": "test",
					"script": {
						"id": "2cd03e03-925d-486e-9a4e-eaa3e7435f8c",
						"exec": [
							"pm.test(\"Status code is 200\", function () {",
							"",
							"    pm.response.to.have.status(200);",
							"",
							"});",
							"",
							"pm.environment.set(\"idForPut\", pm.response.json().id);",
							"",
							"",
							"pm.test(\"Nimi ei ole puudu\", function () {",
							"",
							"    var jsonData = pm.response.json();",
							"    ",
							"    pm.expect(jsonData.ticketName).not.eql(null);",
							"",
							"});",
							"",
							"pm.test(\"Id set\", function () {",
							"",
							"    var jsonData = pm.response.json();",
							"    ",
							"    pm.expect(jsonData.id).to.eql(pm.environment.get(\"idForPut\"));",
							"",
							"});"
						],
						"type": "text/javascript"
					}
				}
			],
			"folder": null,
			"headers": "",
			"pathVariables": {}
		},
		{
			"id": "8d128f67-b922-492b-aed9-91cd0139d199",
			"name": "GetTickets",
			"url": "{{url}}/api/tickets/",
			"description": null,
			"data": [],
			"dataOptions": null,
			"dataMode": "raw",
			"headerData": [],
			"method": "GET",
			"pathVariableData": [],
			"queryParams": [],
			"auth": null,
			"events": [
				{
					"listen": "test",
					"script": {
						"id": "ebf98187-5965-4aec-8203-3c63525fefe9",
						"exec": [
							"pm.test(\"Status code is 200\", function () {",
							"    pm.response.to.have.status(200);",
							"});",
							"",
							"pm.environment.set(\"algseis\", pm.response.json().length);"
						],
						"type": "text/javascript"
					}
				}
			],
			"folder": null,
			"protocolProfileBehavior": {
				"disableBodyPruning": true
			},
			"rawModeData": "",
			"headers": "",
			"pathVariables": {}
		},
		{
			"id": "98168e8d-f8b4-4023-827c-d62a8bd5dfa0",
			"name": "GetDelTicket",
			"url": "{{url}}/api/tickets/{{idForPut}}",
			"description": null,
			"data": [
				{
					"key": "id",
					"value": "1",
					"type": "text"
				},
				{
					"key": "pdfTicket",
					"value": "/C:/Users/taavi/Desktop/1.sprint esitluskava.pdf",
					"type": "file"
				}
			],
			"dataOptions": null,
			"dataMode": "params",
			"headerData": [],
			"method": "GET",
			"pathVariableData": [],
			"queryParams": [],
			"auth": null,
			"events": [
				{
					"listen": "test",
					"script": {
						"id": "444026da-1635-4c7b-b85f-cae96cffd80d",
						"exec": [
							"pm.test(\"Status code is 404\", function () {",
							"    pm.response.to.have.status(404);",
							"});",
							""
						],
						"type": "text/javascript"
					}
				}
			],
			"folder": null,
			"protocolProfileBehavior": {
				"disableBodyPruning": true
			},
			"headers": "",
			"pathVariables": {}
		}
	]
}