{
	"id": "6827e099-4823-4553-a24e-0e6c0563f6d6",
	"name": "tb",
	"values": [
		{
			"key": "url",
			"value": "http://localhost:80",
			"enabled": true
		},
		{
			"key": "id",
			"value": "1",
			"enabled": true
		},
		{
			"key": "idForPut",
			"value": 25,
			"enabled": true
		},
		{
			"key": "algseis",
			"value": 22,
			"enabled": true
		},
		{
			"key": "pdf",
			"value": "/etc/newman/",
			"enabled": true
		}
	],
	"_postman_variable_scope": "environment",
	"_postman_exported_at": "2020-04-02T18:23:06.385Z",
	"_postman_exported_using": "Postman/7.21.1"
}