<?xml version="1.0"?>
<doc>
    <assembly>
        <name>TicketBank_API</name>
    </assembly>
    <members>
        <member name="M:TicketBank_API.Controllers.TicketsController.GetTicketList(System.String)">
            <summary>
            Leia kõik üritused või otsi nime järgi
            </summary>
            <param name="name">Soovitud ürituse nimi</param>
            <returns>1 või kõik üritused</returns>
        </member>
        <member name="M:TicketBank_API.Controllers.TicketsController.GetTicket(System.Int32)">
            <summary>
            Leia konkreetne üritus ID järgi
            </summary>
            <param name="id">Soovitud ürituse ID</param>
            <returns>Valitud üritus</returns>
        </member>
        <member name="M:TicketBank_API.Controllers.TicketsController.Download(System.Int32)">
            <summary>
            Lae valitud ürituse pilet alla
            </summary>
            <param name="id">Soovitud ürituse ID</param>
            <returns>Kui on olemas, laetakse selle ID-ga ürituse pdf pilet alla</returns>
        </member>
        <member name="M:TicketBank_API.Controllers.TicketsController.PutTicket(System.Int32,TicketBank_API.Model.Ticket)">
            <summary>
            Uuenda üritust
            </summary>
            <param name="id">Soovitud ürituse ID</param>
            <remarks>
            Kirjutab üle kogu ürituse, kui piletit ei valita siis kustutatakse olemasolev pdf pilet.
            </remarks>
            <returns>Muudetud/ülekirjutatud üritus</returns>
        </member>
        <member name="M:TicketBank_API.Controllers.TicketsController.PostTicket(TicketBank_API.Model.Ticket)">
            <summary>
            Lisa üritus
            </summary>
            <remarks>
            Üritusel peab olema ID, nimi, asukoht, kuupäev, lisainfo ja võib olla pdf pilet
            </remarks>
            <returns>Uus üritus</returns>
        </member>
        <member name="M:TicketBank_API.Controllers.TicketsController.DeleteTicket(System.Int32)">
            <summary>
            Kustuta üritus
            </summary>
            <param name="id">Soovitud ürituse ID</param>
            <response code="200">
            Valitud üritus on kustutatud
            </response>
        </member>
        <member name="M:TicketBank_API.Controllers.UsersController.GetUser">
            <summary>
            Leia kõik kasutajad
            </summary>
            <returns>kõik kasutajad</returns>
        </member>
        <member name="M:TicketBank_API.Controllers.UsersController.GetUser(System.Int32)">
            <summary>
            Leia konkreetne kasutaja ID järgi
            </summary>
            <param name="id">Soovitud kasutaja ID</param>
            <returns>Valitud kasutaja</returns>
        </member>
        <!-- Badly formed XML comment ignored for member "M:TicketBank_API.Controllers.UsersController.GetUserTickets(System.Int32)" -->
        <member name="M:TicketBank_API.Controllers.UsersController.PostUser(TicketBank_API.Model.User)">
            <summary>
            Lisa kasutaja
            </summary>
            <remarks>
            Kasutajal peab olema ID, nimi, sünnipäev, kasutajanimi
            </remarks>
            <returns>Uus kasutaja</returns>
        </member>
        <member name="M:TicketBank_API.Controllers.UsersController.DeleteUser(System.Int32)">
            <summary>
            Kustuta kasutaja
            </summary>
            <param name="id">Soovitud kasutaja ID</param>
            <response code="200">
            Valitud kasutaja on kustutatud
            </response>
        </member>
    </members>
</doc>
